{
    "grant_token_url": "https://tokenized.pay.bka.sh/v1.2.0-beta/tokenized/checkout/token/grant",
    "refresh_token_url": "https://tokenized.pay.bka.sh/v1.2.0-beta/tokenized/checkout/token/refresh",
    "create_payment_url": "https://tokenized.pay.bka.sh/v1.2.0-beta/tokenized/checkout/create",
    "execute_payment_url": "https://tokenized.pay.bka.sh/v1.2.0-beta/tokenized/checkout/execute",
    "query_payment_url": "https://tokenized.pay.bka.sh/v1.2.0-beta/tokenized/checkout/payment/status",
    "search_transaction_url": "https://tokenized.pay.bka.sh/v1.2.0-beta/tokenized/checkout/general/searchTransaction",
    "refund_transaction_url": "https://tokenized.pay.bka.sh/v1.2.0-beta/tokenized/checkout/payment/refund",
    "backend_callback_url": "http://localhost:8000/api/bkash/callback",
    "frontend_success_url": "http://localhost:3000/success",
    "frontend_fail_url": "http://localhost:3000/fail",
    "username": "01605798287",
    "password": "WD?+Z4&ht0J",
    "app_key": "6f5TEIPaLpf8Lm7gWyvZgDf1tc",
    "app_secret": "mhBkySRnWZrzxHdNWWaDWs9AorQRQErakIi6EALZFBOGvfvM626o"
}
 
 