{
    "grant_token_url": "https://tokenized.sandbox.bka.sh/v1.2.0-beta/tokenized/checkout/token/grant",
    "refresh_token_url": "https://tokenized.sandbox.bka.sh/v1.2.0-beta/tokenized/checkout/token/refresh",
    "create_payment_url": "https://tokenized.sandbox.bka.sh/v1.2.0-beta/tokenized/checkout/create",
    "execute_payment_url": "https://tokenized.sandbox.bka.sh/v1.2.0-beta/tokenized/checkout/execute",
    "query_payment_url": "https://tokenized.sandbox.bka.sh/v1.2.0-beta/tokenized/checkout/payment/status",
    "search_transaction_url": "https://tokenized.sandbox.bka.sh/v1.2.0-beta/tokenized/checkout/general/search/searchTransaction",
    "refund_transaction_url": "https://tokenized.sandbox.bka.sh/v1.2.0-beta/tokenized/checkout/payment/refund",
    "backend_callback_url": "http://localhost:8000/api/bkash/callback",
    "frontend_success_url": "http://localhost:3000/success",
    "frontend_fail_url": "http://localhost:3000/fail",
    "username": "sandboxTokenizedUser02",
    "password": "sandboxTokenizedUser02@12345",
    "app_key": "4f6o0cjiki2rfm34kfdadl1eqq",
    "app_secret": "2is7hdktrekvrbljjh44ll3d9l1dtjo4pasmjvs5vl5qr3fug4b"
} 